{
  "n_samples": 65,
  "n_features_total": 49,
  "class_distribution": {
    "shrinking": 23,
    "severely_shrinking": 22,
    "stable": 20
  },
  "primary_experiment": "no_leaky",
  "n_features_primary": 46,
  "experiment_feature_counts": {
    "all_features": 49,
    "no_leaky": 46,
    "no_demographic": 42,
    "rs_only": 40
  },
  "n_components_95": 1,
  "comparison_table": [
    {
      "model": "gradient_boosting",
      "display_name": "Gradient Boosting",
      "is_baseline": false,
      "balanced_accuracy": 0.6586666666666667,
      "balanced_accuracy_std": 0.13221055037185808,
      "accuracy": 0.6615384615384616,
      "accuracy_std": 0.1313711636661487,
      "f1_weighted": 0.6525015838861993,
      "f1_weighted_std": 0.13372300213413937,
      "f1_macro": 0.6495498575498576,
      "f1_macro_std": 0.13496193008122923,
      "precision_weighted": 0.6876483516483518,
      "precision_weighted_std": 0.14184090765562346,
      "recall_weighted": 0.6615384615384616,
      "recall_weighted_std": 0.1313711636661487,
      "cohen_kappa": 0.4895443051830266,
      "cohen_kappa_std": 0.19655286937912425,
      "matthews_corrcoef": 0.5043425832550635,
      "matthews_corrcoef_std": 0.19973485051069606,
      "balanced_accuracy_ci_lower": 0.45,
      "balanced_accuracy_ci_upper": 0.8833333333333332
    },
    {
      "model": "logistic_regression",
      "display_name": "Logistic Regression",
      "is_baseline": false,
      "balanced_accuracy": 0.6426666666666666,
      "balanced_accuracy_std": 0.11537780131826501,
      "accuracy": 0.6461538461538461,
      "accuracy_std": 0.1175019408963036,
      "f1_weighted": 0.6338253541330464,
      "f1_weighted_std": 0.12683059844688152,
      "f1_macro": 0.6311788951788951,
      "f1_macro_std": 0.12422687247794735,
      "precision_weighted": 0.6745641025641025,
      "precision_weighted_std": 0.14487270483128828,
      "recall_weighted": 0.6461538461538461,
      "recall_weighted_std": 0.1175019408963036,
      "cohen_kappa": 0.46591266240097384,
      "cohen_kappa_std": 0.1764055637518493,
      "matthews_corrcoef": 0.48278865568915885,
      "matthews_corrcoef_std": 0.17796799912780764,
      "balanced_accuracy_ci_lower": 0.4533333333333333,
      "balanced_accuracy_ci_upper": 0.84
    },
    {
      "model": "random_forest",
      "display_name": "Random Forest",
      "is_baseline": false,
      "balanced_accuracy": 0.6126666666666667,
      "balanced_accuracy_std": 0.1108970159569145,
      "accuracy": 0.6184615384615385,
      "accuracy_std": 0.10986812966989001,
      "f1_weighted": 0.6106802599110291,
      "f1_weighted_std": 0.11294685794461105,
      "f1_macro": 0.6047414067414068,
      "f1_macro_std": 0.113035491743533,
      "precision_weighted": 0.6516678876678877,
      "precision_weighted_std": 0.12233082310816487,
      "recall_weighted": 0.6184615384615385,
      "recall_weighted_std": 0.10986812966989001,
      "cohen_kappa": 0.42392183802199396,
      "cohen_kappa_std": 0.16579836136292772,
      "matthews_corrcoef": 0.43880715990162594,
      "matthews_corrcoef_std": 0.16899230127067463,
      "balanced_accuracy_ci_lower": 0.42,
      "balanced_accuracy_ci_upper": 0.7733333333333333
    },
    {
      "model": "svm_linear",
      "display_name": "SVM (Linear)",
      "is_baseline": false,
      "balanced_accuracy": 0.588,
      "balanced_accuracy_std": 0.10945149441478466,
      "accuracy": 0.5815384615384616,
      "accuracy_std": 0.11340176608972298,
      "f1_weighted": 0.5561211267365114,
      "f1_weighted_std": 0.130131150328975,
      "f1_macro": 0.5588328708328708,
      "f1_macro_std": 0.12532252784791706,
      "precision_weighted": 0.5979272949272949,
      "precision_weighted_std": 0.15356342220969518,
      "recall_weighted": 0.5815384615384616,
      "recall_weighted_std": 0.11340176608972298,
      "cohen_kappa": 0.3751507232792876,
      "cohen_kappa_std": 0.16464422474242324,
      "matthews_corrcoef": 0.4055078036012009,
      "matthews_corrcoef_std": 0.16701675170893207,
      "balanced_accuracy_ci_lower": 0.3733333333333333,
      "balanced_accuracy_ci_upper": 0.7666666666666665
    },
    {
      "model": "knn",
      "display_name": "K-Nearest Neighbors",
      "is_baseline": false,
      "balanced_accuracy": 0.5186666666666667,
      "balanced_accuracy_std": 0.132490390986304,
      "accuracy": 0.5230769230769231,
      "accuracy_std": 0.12948083254310358,
      "f1_weighted": 0.5122535754843447,
      "f1_weighted_std": 0.14022469164760293,
      "f1_macro": 0.5074600214600214,
      "f1_macro_std": 0.1417710516293321,
      "precision_weighted": 0.5583565323565324,
      "precision_weighted_std": 0.178231717167512,
      "recall_weighted": 0.5230769230769231,
      "recall_weighted_std": 0.12948083254310358,
      "cohen_kappa": 0.2794201998141621,
      "cohen_kappa_std": 0.19862755526856246,
      "matthews_corrcoef": 0.2957392191951148,
      "matthews_corrcoef_std": 0.2097699686549647,
      "balanced_accuracy_ci_lower": 0.21,
      "balanced_accuracy_ci_upper": 0.7233333333333332
    },
    {
      "model": "mlp",
      "display_name": "MLP Neural Network",
      "is_baseline": false,
      "balanced_accuracy": 0.37066666666666664,
      "balanced_accuracy_std": 0.10118281950490884,
      "accuracy": 0.356923076923077,
      "accuracy_std": 0.09900889526311703,
      "f1_weighted": 0.2766138989215912,
      "f1_weighted_std": 0.09495960248174098,
      "f1_macro": 0.28263691863691864,
      "f1_macro_std": 0.0934676862501699,
      "precision_weighted": 0.2540856920856921,
      "precision_weighted_std": 0.11435746370314621,
      "recall_weighted": 0.356923076923077,
      "recall_weighted_std": 0.09900889526311703,
      "cohen_kappa": 0.051483686707244354,
      "cohen_kappa_std": 0.1428237509633609,
      "matthews_corrcoef": 0.057925364819639016,
      "matthews_corrcoef_std": 0.18393159235329168,
      "balanced_accuracy_ci_lower": 0.21666666666666667,
      "balanced_accuracy_ci_upper": 0.5533333333333332
    },
    {
      "model": "dummy_stratified",
      "display_name": "Dummy (Stratified)",
      "is_baseline": true,
      "balanced_accuracy": 0.3493333333333333,
      "balanced_accuracy_std": 0.15623462887356074,
      "accuracy": 0.3476923076923077,
      "accuracy_std": 0.1540383414961599,
      "f1_weighted": 0.33744566544566545,
      "f1_weighted_std": 0.15009576328005855,
      "f1_macro": 0.3351957671957672,
      "f1_macro_std": 0.15015747482923014,
      "precision_weighted": 0.34435897435897433,
      "precision_weighted_std": 0.15476178735789664,
      "recall_weighted": 0.3476923076923077,
      "recall_weighted_std": 0.1540383414961599,
      "cohen_kappa": 0.024424778761061958,
      "cohen_kappa_std": 0.2303759266623984,
      "matthews_corrcoef": 0.02509505737713912,
      "matthews_corrcoef_std": 0.2366980333562343,
      "balanced_accuracy_ci_lower": 0.04000000000000001,
      "balanced_accuracy_ci_upper": 0.5833333333333331
    },
    {
      "model": "svm_rbf",
      "display_name": "SVM (RBF)",
      "is_baseline": false,
      "balanced_accuracy": 0.33399999999999996,
      "balanced_accuracy_std": 0.05999228345440832,
      "accuracy": 0.3476923076923078,
      "accuracy_std": 0.06705998374677959,
      "f1_weighted": 0.2342747970983265,
      "f1_weighted_std": 0.07792698072624464,
      "f1_macro": 0.22454030501089325,
      "f1_macro_std": 0.07015436211135931,
      "precision_weighted": 0.226907656446118,
      "precision_weighted_std": 0.13024269399327904,
      "recall_weighted": 0.3476923076923078,
      "recall_weighted_std": 0.06705998374677959,
      "cohen_kappa": 0.0003345235204765773,
      "cohen_kappa_std": 0.09135178666167024,
      "matthews_corrcoef": 0.007562520136263491,
      "matthews_corrcoef_std": 0.15243828241586505,
      "balanced_accuracy_ci_lower": 0.18666666666666665,
      "balanced_accuracy_ci_upper": 0.4166666666666667
    },
    {
      "model": "dummy_most_frequent",