{
  "n_samples": 65,
  "n_features_total": 30,
  "class_distribution": {
    "shrinking": 23,
    "severely_shrinking": 22,
    "stable": 20
  },
  "primary_experiment": "no_leaky",
  "n_features_primary": 27,
  "experiment_feature_counts": {
    "all_features": 30,
    "no_leaky": 27,
    "no_demographic": 23,
    "rs_only": 21
  },
  "n_components_95": 8,
  "comparison_table": [
    {
      "model": "gradient_boosting",
      "display_name": "Gradient Boosting",
      "is_baseline": false,
      "balanced_accuracy": 0.6446666666666667,
      "balanced_accuracy_std": 0.12291972689222531,
      "accuracy": 0.6461538461538463,
      "accuracy_std": 0.12363654821785841,
      "f1_weighted": 0.63996003996004,
      "f1_weighted_std": 0.12281500065217986,
      "f1_macro": 0.6366031746031746,
      "f1_macro_std": 0.12219098748602182,
      "precision_weighted": 0.6718827838827839,
      "precision_weighted_std": 0.13473196383996863,
      "recall_weighted": 0.6461538461538463,
      "recall_weighted_std": 0.12363654821785841,
      "cohen_kappa": 0.4675409795770765,
      "cohen_kappa_std": 0.1859758713110998,
      "matthews_corrcoef": 0.4802766194393325,
      "matthews_corrcoef_std": 0.19067475840999407,
      "balanced_accuracy_ci_lower": 0.37666666666666665,
      "balanced_accuracy_ci_upper": 0.7999999999999998
    },
    {
      "model": "logistic_regression",
      "display_name": "Logistic Regression",
      "is_baseline": false,
      "balanced_accuracy": 0.6433333333333333,
      "balanced_accuracy_std": 0.12583057392117916,
      "accuracy": 0.6492307692307694,
      "accuracy_std": 0.12771701954268996,
      "f1_weighted": 0.6332478632478632,
      "f1_weighted_std": 0.13249747879729154,
      "f1_macro": 0.6304579124579125,
      "f1_macro_std": 0.13216863107259164,
      "precision_weighted": 0.6688693528693528,
      "precision_weighted_std": 0.15094504024847574,
      "recall_weighted": 0.6492307692307694,
      "recall_weighted_std": 0.12771701954268996,
      "cohen_kappa": 0.46876440758868837,
      "cohen_kappa_std": 0.19194749040044068,
      "matthews_corrcoef": 0.48574698414173895,
      "matthews_corrcoef_std": 0.197802282618149,
      "balanced_accuracy_ci_lower": 0.36000000000000004,
      "balanced_accuracy_ci_upper": 0.8333333333333334
    },
    {
      "model": "xgboost",
      "display_name": "XGBoost",
      "is_baseline": false,
      "balanced_accuracy": 0.6319999999999999,
      "balanced_accuracy_std": 0.12646548350644343,
      "accuracy": 0.6369230769230769,
      "accuracy_std": 0.12856360140227358,
      "f1_weighted": 0.6256450045680815,
      "f1_weighted_std": 0.13598757963815325,
      "f1_macro": 0.6209016169016169,
      "f1_macro_std": 0.1351241310057871,
      "precision_weighted": 0.6628717948717948,
      "precision_weighted_std": 0.14819228792275949,
      "recall_weighted": 0.6369230769230769,
      "recall_weighted_std": 0.12856360140227358,
      "cohen_kappa": 0.4516904584939152,
      "cohen_kappa_std": 0.19361735530626384,
      "matthews_corrcoef": 0.4705697755926277,
      "matthews_corrcoef_std": 0.19639623459503894,
      "balanced_accuracy_ci_lower": 0.37666666666666665,
      "balanced_accuracy_ci_upper": 0.8333333333333334
    },
    {
      "model": "knn",
      "display_name": "K-Nearest Neighbors",
      "is_baseline": false,
      "balanced_accuracy": 0.6306666666666666,
      "balanced_accuracy_std": 0.11422849096503088,
      "accuracy": 0.64,
      "accuracy_std": 0.1104053853415948,
      "f1_weighted": 0.6179656411964104,
      "f1_weighted_std": 0.1235807475006249,
      "f1_macro": 0.6111417471417471,
      "f1_macro_std": 0.12752983968433831,
      "precision_weighted": 0.6714395604395604,
      "precision_weighted_std": 0.15225818212035513,
      "recall_weighted": 0.64,
      "recall_weighted_std": 0.1104053853415948,
      "cohen_kappa": 0.45317116088092235,
      "cohen_kappa_std": 0.16844730924820242,
      "matthews_corrcoef": 0.47594533276327655,
      "matthews_corrcoef_std": 0.17237346199140557,
      "balanced_accuracy_ci_lower": 0.42,
      "balanced_accuracy_ci_upper": 0.8099999999999999
    },
    {
      "model": "svm_linear",
      "display_name": "SVM (Linear)",
      "is_baseline": false,
      "balanced_accuracy": 0.6273333333333333,
      "balanced_accuracy_std": 0.13479064699940616,
      "accuracy": 0.6307692307692307,
      "accuracy_std": 0.14044168141158106,
      "f1_weighted": 0.616182911105988,
      "f1_weighted_std": 0.14109591207177538,
      "f1_macro": 0.6140964960964961,
      "f1_macro_std": 0.13627582790628393,
      "precision_weighted": 0.6620903540903541,
      "precision_weighted_std": 0.13369534117026938,
      "recall_weighted": 0.6307692307692307,
      "recall_weighted_std": 0.14044168141158106,
      "cohen_kappa": 0.44315925359614666,
      "cohen_kappa_std": 0.20603633512760708,
      "matthews_corrcoef": 0.4583173897720989,
      "matthews_corrcoef_std": 0.2148318256119686,
      "balanced_accuracy_ci_lower": 0.3333333333333333,
      "balanced_accuracy_ci_upper": 0.7899999999999998
    },
    {
      "model": "random_forest",
      "display_name": "Random Forest",
      "is_baseline": false,
      "balanced_accuracy": 0.6186666666666666,
      "balanced_accuracy_std": 0.12804802339863078,
      "accuracy": 0.6246153846153847,
      "accuracy_std": 0.1300887271175982,
      "f1_weighted": 0.6125951484413024,
      "f1_weighted_std": 0.13154187849744683,
      "f1_macro": 0.6076650016650017,
      "f1_macro_std": 0.13242083278823374,
      "precision_weighted": 0.6446776556776557,
      "precision_weighted_std": 0.13957852587114783,
      "recall_weighted": 0.6246153846153847,
      "recall_weighted_std": 0.1300887271175982,
      "cohen_kappa": 0.4325060894551844,
      "cohen_kappa_std": 0.1954689370907644,
      "matthews_corrcoef": 0.4484752412812407,
      "matthews_corrcoef_std": 0.19921979283997013,
      "balanced_accuracy_ci_lower": 0.4166666666666667,
      "balanced_accuracy_ci_upper": 0.8333333333333334
    },
    {
      "model": "svm_rbf",
      "display_name": "SVM (RBF)",
      "is_baseline": false,
      "balanced_accuracy": 0.5893333333333333,
      "balanced_accuracy_std": 0.11043684302032676,
      "accuracy": 0.5969230769230769,
      "accuracy_std": 0.10714144828603168,
      "f1_weighted": 0.5801498501498501,
      "f1_weighted_std": 0.11579741444086565,
      "f1_macro": 0.5731976911976912,
      "f1_macro_std": 0.11964752817370987,
      "precision_weighted": 0.61003663003663,
      "precision_weighted_std": 0.14416985166238022,
      "recall_weighted": 0.5969230769230769,
      "recall_weighted_std": 0.10714144828603168,
      "cohen_kappa": 0.39066077145464584,
      "cohen_kappa_std": 0.16207340065426837,
      "matthews_corrcoef": 0.4080151194358239,
      "matthews_corrcoef_std": 0.16994402053151697,
      "balanced_accuracy_ci_lower": 0.41,
      "balanced_accuracy_ci_upper": 0.7933333333333332
    },
    {
      "model": "mlp",
      "display_name": "MLP Neural Network",
      "is_baseline": false,
      "balanced_accuracy": 0.4586666666666666,
      "balanced_accuracy_std": 0.12305147974188145,
      "accuracy": 0.4615384615384615,
      "accuracy_std": 0.13507248401093255,
      "f1_weighted": 0.3994012056319749,
      "f1_weighted_std": 0.15981465925569655,
      "f1_macro": 0.39778425278425283,
      "f1_macro_std": 0.1532750084802461,
      "precision_weighted": 0.4254148074148074,
      "precision_weighted_std": 0.1957114946471562,
      "recall_weighted": 0.4615384615384615,
      "recall_weighted_std": 0.13507248401093255,
      "cohen_kappa": 0.189032171974583,
      "cohen_kappa_std": 0.19308203733535056,
      "matthews_corrcoef": 0.2103567189809083,
      "matthews_corrcoef_std": 0.20840271861298784,
      "balanced_accuracy_ci_lower": 0.29,
      "balanced_accuracy_ci_upper": 0.6833333333333332
    },
    {
      "model": "dummy_stratified",
      "display_name": "Dummy (Stratified)",