{
  "n_samples": 65,
  "n_features_total": 30,
  "class_distribution": {
    "shrinking": 23,
    "severely_shrinking": 22,
    "stable": 20
  },
  "primary_experiment": "no_leaky",
  "n_features_primary": 27,
  "experiment_feature_counts": {
    "all_features": 30,
    "no_leaky": 27,
    "no_demographic": 23,
    "rs_only": 21
  },
  "n_components_95": 8,
  "comparison_table": [
    {
      "model": "svm_linear",
      "display_name": "SVM (Linear)",
      "is_baseline": false,
      "balanced_accuracy": 0.662,
      "balanced_accuracy_std": 0.13990075847622205,
      "accuracy": 0.6646153846153845,
      "accuracy_std": 0.14023086065513146,
      "f1_weighted": 0.6549797894413278,
      "f1_weighted_std": 0.14207918609597872,
      "f1_macro": 0.6535571835571835,
      "f1_macro_std": 0.1412612449240168,
      "precision_weighted": 0.7014945054945055,
      "precision_weighted_std": 0.13870427102441102,
      "recall_weighted": 0.6646153846153845,
      "recall_weighted_std": 0.14023086065513146,
      "cohen_kappa": 0.4929025469248787,
      "cohen_kappa_std": 0.21078169886616824,
      "matthews_corrcoef": 0.509373577998122,
      "matthews_corrcoef_std": 0.2120197533293056,
      "balanced_accuracy_ci_lower": 0.3466666666666667,
      "balanced_accuracy_ci_upper": 0.8733333333333332
    },
    {
      "model": "logistic_regression",
      "display_name": "Logistic Regression",
      "is_baseline": false,
      "balanced_accuracy": 0.6439999999999999,
      "balanced_accuracy_std": 0.1286396056747227,
      "accuracy": 0.6492307692307692,
      "accuracy_std": 0.12963307343348243,
      "f1_weighted": 0.6372817951279489,
      "f1_weighted_std": 0.13043770317025788,
      "f1_macro": 0.635077219077219,
      "f1_macro_std": 0.12957951765509143,
      "precision_weighted": 0.690997557997558,
      "precision_weighted_std": 0.1358212773697067,
      "recall_weighted": 0.6492307692307692,
      "recall_weighted_std": 0.12963307343348243,
      "cohen_kappa": 0.46843544523608216,
      "cohen_kappa_std": 0.19528698626414606,
      "matthews_corrcoef": 0.489284321199843,
      "matthews_corrcoef_std": 0.19960452883469465,
      "balanced_accuracy_ci_lower": 0.4166666666666667,
      "balanced_accuracy_ci_upper": 0.8333333333333334
    },
    {
      "model": "random_forest",
      "display_name": "Random Forest",
      "is_baseline": false,
      "balanced_accuracy": 0.614,
      "balanced_accuracy_std": 0.1339983416149452,
      "accuracy": 0.6184615384615385,
      "accuracy_std": 0.13594580658268268,
      "f1_weighted": 0.609538615230923,
      "f1_weighted_std": 0.13596567258698813,
      "f1_macro": 0.6054675694675694,
      "f1_macro_std": 0.13533756226997498,
      "precision_weighted": 0.6440818070818071,
      "precision_weighted_std": 0.1393451740939313,
      "recall_weighted": 0.6184615384615385,
      "recall_weighted_std": 0.13594580658268268,
      "cohen_kappa": 0.4244290461026124,
      "cohen_kappa_std": 0.20305518359683128,
      "matthews_corrcoef": 0.43922806105776835,
      "matthews_corrcoef_std": 0.20469367976103064,
      "balanced_accuracy_ci_lower": 0.34,
      "balanced_accuracy_ci_upper": 0.84
    },
    {
      "model": "xgboost",
      "display_name": "XGBoost",
      "is_baseline": false,
      "balanced_accuracy": 0.6019999999999999,
      "balanced_accuracy_std": 0.12768595734732816,
      "accuracy": 0.6061538461538462,
      "accuracy_std": 0.13008872711759817,
      "f1_weighted": 0.5976867576867576,
      "f1_weighted_std": 0.12970171183059123,
      "f1_macro": 0.5936875716875716,
      "f1_macro_std": 0.12837395577220967,
      "precision_weighted": 0.6471477411477412,
      "precision_weighted_std": 0.13585132886898488,
      "recall_weighted": 0.6061538461538462,
      "recall_weighted_std": 0.13008872711759817,
      "cohen_kappa": 0.4056477337141196,
      "cohen_kappa_std": 0.19495002569836278,
      "matthews_corrcoef": 0.4226299236177081,
      "matthews_corrcoef_std": 0.1992094918340447,
      "balanced_accuracy_ci_lower": 0.3433333333333333,
      "balanced_accuracy_ci_upper": 0.7933333333333332
    },
    {
      "model": "knn",
      "display_name": "K-Nearest Neighbors",
      "is_baseline": false,
      "balanced_accuracy": 0.6,
      "balanced_accuracy_std": 0.10194860724168092,
      "accuracy": 0.6092307692307692,
      "accuracy_std": 0.1015656529248121,
      "f1_weighted": 0.5916414696414697,
      "f1_weighted_std": 0.10942936555663216,
      "f1_macro": 0.586010582010582,
      "f1_macro_std": 0.11163265487737428,
      "precision_weighted": 0.65207326007326,
      "precision_weighted_std": 0.14343430369507196,
      "recall_weighted": 0.6092307692307692,
      "recall_weighted_std": 0.1015656529248121,
      "cohen_kappa": 0.4059621445502258,
      "cohen_kappa_std": 0.1535870890152584,
      "matthews_corrcoef": 0.4287653997574347,
      "matthews_corrcoef_std": 0.16061724044060366,
      "balanced_accuracy_ci_lower": 0.37,
      "balanced_accuracy_ci_upper": 0.7566666666666666
    },
    {
      "model": "svm_rbf",
      "display_name": "SVM (RBF)",
      "is_baseline": false,
      "balanced_accuracy": 0.5993333333333333,
      "balanced_accuracy_std": 0.12679087477388082,
      "accuracy": 0.6061538461538462,
      "accuracy_std": 0.12427303401079624,
      "f1_weighted": 0.5907821067821069,
      "f1_weighted_std": 0.1322482727606379,
      "f1_macro": 0.584051948051948,
      "f1_macro_std": 0.13353215619038453,
      "precision_weighted": 0.6238046398046398,
      "precision_weighted_std": 0.15809640800490368,
      "recall_weighted": 0.6061538461538462,
      "recall_weighted_std": 0.12427303401079624,
      "cohen_kappa": 0.4043999929528333,
      "cohen_kappa_std": 0.1893731937016041,
      "matthews_corrcoef": 0.42269836240645264,
      "matthews_corrcoef_std": 0.1962789570508945,
      "balanced_accuracy_ci_lower": 0.35333333333333333,
      "balanced_accuracy_ci_upper": 0.7999999999999998
    },
    {
      "model": "gradient_boosting",
      "display_name": "Gradient Boosting",
      "is_baseline": false,
      "balanced_accuracy": 0.5973333333333332,
      "balanced_accuracy_std": 0.10999579116527174,
      "accuracy": 0.6030769230769232,
      "accuracy_std": 0.11252876029482918,
      "f1_weighted": 0.599030303030303,
      "f1_weighted_std": 0.10765447381108181,
      "f1_macro": 0.592922558922559,
      "f1_macro_std": 0.10594013061787055,
      "precision_weighted": 0.630007326007326,
      "precision_weighted_std": 0.11202629244664285,
      "recall_weighted": 0.6030769230769232,
      "recall_weighted_std": 0.11252876029482918,
      "cohen_kappa": 0.4015858759878323,
      "cohen_kappa_std": 0.16827817183158,
      "matthews_corrcoef": 0.4135654807823462,
      "matthews_corrcoef_std": 0.17205222068799444,
      "balanced_accuracy_ci_lower": 0.37666666666666665,
      "balanced_accuracy_ci_upper": 0.7266666666666666
    },
    {
      "model": "mlp",
      "display_name": "MLP Neural Network",
      "is_baseline": false,
      "balanced_accuracy": 0.45666666666666667,
      "balanced_accuracy_std": 0.1253698232932973,
      "accuracy": 0.4584615384615385,
      "accuracy_std": 0.13411996749355917,
      "f1_weighted": 0.4103746424515655,
      "f1_weighted_std": 0.15390880492668463,
      "f1_macro": 0.40945199245199243,
      "f1_macro_std": 0.14853944681207087,
      "precision_weighted": 0.43154800754800754,
      "precision_weighted_std": 0.18345548960274313,
      "recall_weighted": 0.4584615384615385,
      "recall_weighted_std": 0.13411996749355917,
      "cohen_kappa": 0.18485964714252334,
      "cohen_kappa_std": 0.19327280878706699,
      "matthews_corrcoef": 0.20409325886243895,
      "matthews_corrcoef_std": 0.2096212237213201,
      "balanced_accuracy_ci_lower": 0.24333333333333332,
      "balanced_accuracy_ci_upper": 0.6833333333333332
    },
    {
      "model": "dummy_stratified",
      "display_name": "Dummy (Stratified)",