{
  "n_samples": 7448,
  "n_features_total": 49,
  "class_distribution": {
    "shrinking": 2541,
    "stable": 2460,
    "severely_shrinking": 2447
  },
  "primary_experiment": "no_leaky",
  "n_features_primary": 46,
  "experiment_feature_counts": {
    "all_features": 49,
    "no_leaky": 46,
    "no_demographic": 42,
    "rs_only": 40
  },
  "n_components_95": 15,
  "comparison_table": [
    {
      "model": "mlp",
      "display_name": "MLP Neural Network",
      "is_baseline": false,
      "balanced_accuracy": 0.925299332404834,
      "balanced_accuracy_std": 0.007145781887557639,
      "accuracy": 0.9250539752367475,
      "accuracy_std": 0.007151224955600634,
      "f1_weighted": 0.9252594043422855,
      "f1_weighted_std": 0.0071227586986242295,
      "f1_macro": 0.9256431669086231,
      "f1_macro_std": 0.007088044561822826,
      "precision_weighted": 0.9260987296333664,
      "precision_weighted_std": 0.006992698128688787,
      "recall_weighted": 0.9250539752367475,
      "recall_weighted_std": 0.007151224955600634,
      "cohen_kappa": 0.8875475011655999,
      "cohen_kappa_std": 0.010732803890127181,
      "matthews_corrcoef": 0.8878595561124004,
      "matthews_corrcoef_std": 0.010636962988698439,
      "balanced_accuracy_ci_lower": 0.9140930593953432,
      "balanced_accuracy_ci_upper": 0.9366965072911343
    },
    {
      "model": "logistic_regression",
      "display_name": "Logistic Regression",
      "is_baseline": false,
      "balanced_accuracy": 0.9171785805437734,
      "balanced_accuracy_std": 0.008829114488925744,
      "accuracy": 0.9170245333790075,
      "accuracy_std": 0.00886529623835955,
      "f1_weighted": 0.917516938398112,
      "f1_weighted_std": 0.008791432832352874,
      "f1_macro": 0.9179432624221271,
      "f1_macro_std": 0.008744012072485898,
      "precision_weighted": 0.9187751086204452,
      "precision_weighted_std": 0.00866680382774347,
      "recall_weighted": 0.9170245333790075,
      "recall_weighted_std": 0.00886529623835955,
      "cohen_kappa": 0.8754808551185623,
      "cohen_kappa_std": 0.013306034052922567,
      "matthews_corrcoef": 0.8758611157377294,
      "matthews_corrcoef_std": 0.013272421288926818,
      "balanced_accuracy_ci_lower": 0.9056129663747569,
      "balanced_accuracy_ci_upper": 0.9352656614787263
    },
    {
      "model": "svm_linear",
      "display_name": "SVM (Linear)",
      "is_baseline": false,
      "balanced_accuracy": 0.9080822230747703,
      "balanced_accuracy_std": 0.01413730285148362,
      "accuracy": 0.9077076728221727,
      "accuracy_std": 0.01424918920482019,
      "f1_weighted": 0.9081545067043695,
      "f1_weighted_std": 0.014166315481205012,
      "f1_macro": 0.9086235113970855,
      "f1_macro_std": 0.014087976406048506,
      "precision_weighted": 0.909765372036294,
      "precision_weighted_std": 0.013849262639676611,
      "recall_weighted": 0.9077076728221727,
      "recall_weighted_std": 0.01424918920482019,
      "cohen_kappa": 0.8615280200687289,
      "cohen_kappa_std": 0.02137253149054121,
      "matthews_corrcoef": 0.8620661126744532,
      "matthews_corrcoef_std": 0.02125431186641582,
      "balanced_accuracy_ci_lower": 0.883984302816127,
      "balanced_accuracy_ci_upper": 0.9318517427845194
    },
    {
      "model": "gradient_boosting",
      "display_name": "Gradient Boosting",
      "is_baseline": false,
      "balanced_accuracy": 0.8083359353552619,
      "balanced_accuracy_std": 0.010066457724263128,
      "accuracy": 0.8076527194955401,
      "accuracy_std": 0.010093644526129215,
      "f1_weighted": 0.8088579777474475,
      "f1_weighted_std": 0.009921351887608405,
      "f1_macro": 0.8097826601088766,
      "f1_macro_std": 0.009873729694252098,
      "precision_weighted": 0.8109290397373965,
      "precision_weighted_std": 0.009816889003650294,
      "recall_weighted": 0.8076527194955401,
      "recall_weighted_std": 0.010093644526129215,
      "cohen_kappa": 0.7113461721733162,
      "cohen_kappa_std": 0.015155798042430621,
      "matthews_corrcoef": 0.7117467262505085,
      "matthews_corrcoef_std": 0.01515041712473814,
      "balanced_accuracy_ci_lower": 0.7941045292052843,
      "balanced_accuracy_ci_upper": 0.8254375456012569
    },
    {
      "model": "xgboost",
      "display_name": "XGBoost",
      "is_baseline": false,
      "balanced_accuracy": 0.7832829228245798,
      "balanced_accuracy_std": 0.011580816064912567,
      "accuracy": 0.7822230315377646,
      "accuracy_std": 0.011628521963406462,
      "f1_weighted": 0.7824802797145299,
      "f1_weighted_std": 0.011549467080056879,
      "f1_macro": 0.783548816318374,
      "f1_macro_std": 0.011486316439740091,
      "precision_weighted": 0.7831842779052463,
      "precision_weighted_std": 0.011469697132794155,
      "recall_weighted": 0.7822230315377646,
      "recall_weighted_std": 0.011628521963406462,
      "cohen_kappa": 0.6732840450343334,
      "cohen_kappa_std": 0.01745334422197448,
      "matthews_corrcoef": 0.6734739818453295,
      "matthews_corrcoef_std": 0.01743268400931482,
      "balanced_accuracy_ci_lower": 0.7647695159553934,
      "balanced_accuracy_ci_upper": 0.8030600254615893
    },
    {
      "model": "svm_rbf",
      "display_name": "SVM (RBF)",
      "is_baseline": false,
      "balanced_accuracy": 0.6947398300749854,
      "balanced_accuracy_std": 0.011238199927171875,
      "accuracy": 0.6940379246465129,
      "accuracy_std": 0.011181697986909133,
      "f1_weighted": 0.6962324732014955,
      "f1_weighted_std": 0.010937510979291715,
      "f1_macro": 0.6972563792106876,
      "f1_macro_std": 0.010939472324505189,
      "precision_weighted": 0.7001366777644964,
      "precision_weighted_std": 0.010444248122463648,
      "recall_weighted": 0.6940379246465129,
      "recall_weighted_std": 0.011181697986909133,
      "cohen_kappa": 0.5407607721498519,
      "cohen_kappa_std": 0.016827994393767927,
      "matthews_corrcoef": 0.5414616733414866,
      "matthews_corrcoef_std": 0.016664573470002095,
      "balanced_accuracy_ci_lower": 0.6723202709127891,
      "balanced_accuracy_ci_upper": 0.7096796588515617
    },
    {
      "model": "random_forest",
      "display_name": "Random Forest",
      "is_baseline": false,
      "balanced_accuracy": 0.6733327076127389,
      "balanced_accuracy_std": 0.013426368672888347,
      "accuracy": 0.6719382676540717,
      "accuracy_std": 0.013384497381202289,
      "f1_weighted": 0.6707412742528491,
      "f1_weighted_std": 0.013136025650334336,
      "f1_macro": 0.6719428937975542,
      "f1_macro_std": 0.013133077773662091,
      "precision_weighted": 0.6703539936112,
      "precision_weighted_std": 0.01310073863288079,
      "recall_weighted": 0.6719382676540717,
      "recall_weighted_std": 0.013384497381202289,
      "cohen_kappa": 0.5079915204917124,
      "cohen_kappa_std": 0.020100563674932136,
      "matthews_corrcoef": 0.5083141801818105,
      "matthews_corrcoef_std": 0.020188475063508265,
      "balanced_accuracy_ci_lower": 0.6502193397504796,
      "balanced_accuracy_ci_upper": 0.6974490577948307
    },
    {
      "model": "knn",
      "display_name": "K-Nearest Neighbors",
      "is_baseline": false,
      "balanced_accuracy": 0.5765665163467432,
      "balanced_accuracy_std": 0.009493194991944088,
      "accuracy": 0.5755641415120278,
      "accuracy_std": 0.009487398715246752,
      "f1_weighted": 0.5761860840706199,
      "f1_weighted_std": 0.009469130092728163,
      "f1_macro": 0.577290429100168,
      "f1_macro_std": 0.009459728370463431,
      "precision_weighted": 0.5772482987289704,
      "precision_weighted_std": 0.009473597062861302,
      "recall_weighted": 0.5755641415120278,
      "recall_weighted_std": 0.009487398715246752,
      "cohen_kappa": 0.363132402798901,
      "cohen_kappa_std": 0.014249506129535548,
      "matthews_corrcoef": 0.3632728935914816,
      "matthews_corrcoef_std": 0.014225524283661006,
      "balanced_accuracy_ci_lower": 0.5596013555263736,