{
  "n_samples": 7448,
  "n_features_total": 49,
  "class_distribution": {
    "shrinking": 2541,
    "stable": 2460,
    "severely_shrinking": 2447
  },
  "primary_experiment": "no_leaky",
  "n_features_primary": 46,
  "experiment_feature_counts": {
    "all_features": 49,
    "no_leaky": 46,
    "no_demographic": 42,
    "rs_only": 40
  },
  "n_components_95": 15,
  "comparison_table": [
    {
      "model": "svm_linear",
      "display_name": "SVM (Linear)",
      "is_baseline": false,
      "balanced_accuracy": 0.9150296270580077,
      "balanced_accuracy_std": 0.018854343909365315,
      "accuracy": 0.9152390162425906,
      "accuracy_std": 0.01892918678664558,
      "f1_weighted": 0.9155409142160141,
      "f1_weighted_std": 0.01863965135967398,
      "f1_macro": 0.9158477459707529,
      "f1_macro_std": 0.018213608524621096,
      "precision_weighted": 0.9170006967455402,
      "precision_weighted_std": 0.017950795295738065,
      "recall_weighted": 0.9152390162425906,
      "recall_weighted_std": 0.01892918678664558,
      "cohen_kappa": 0.8726435604092778,
      "cohen_kappa_std": 0.02854518531591538,
      "matthews_corrcoef": 0.8732059024179837,
      "matthews_corrcoef_std": 0.028326712590188888,
      "balanced_accuracy_ci_lower": 0.885951397912407,
      "balanced_accuracy_ci_upper": 0.9441094675451961
    },
    {
      "model": "logistic_regression",
      "display_name": "Logistic Regression",
      "is_baseline": false,
      "balanced_accuracy": 0.9125247292838157,
      "balanced_accuracy_std": 0.007067403439727013,
      "accuracy": 0.9129933211146181,
      "accuracy_std": 0.0065410175530375885,
      "f1_weighted": 0.9136215166665888,
      "f1_weighted_std": 0.006334830902843397,
      "f1_macro": 0.9138887786314533,
      "f1_macro_std": 0.005747405338505623,
      "precision_weighted": 0.9162918248425491,
      "precision_weighted_std": 0.005415680960789851,
      "recall_weighted": 0.9129933211146181,
      "recall_weighted_std": 0.0065410175530375885,
      "cohen_kappa": 0.8692417736450984,
      "cohen_kappa_std": 0.01008556087475092,
      "matthews_corrcoef": 0.8702382348006615,
      "matthews_corrcoef_std": 0.009723541791081891,
      "balanced_accuracy_ci_lower": 0.9009776846045237,
      "balanced_accuracy_ci_upper": 0.9235837997607144
    },
    {
      "model": "mlp",
      "display_name": "MLP Neural Network",
      "is_baseline": false,
      "balanced_accuracy": 0.9042692138529073,
      "balanced_accuracy_std": 0.007869717190392754,
      "accuracy": 0.9042643738849374,
      "accuracy_std": 0.007701518338634586,
      "f1_weighted": 0.9046632828553872,
      "f1_weighted_std": 0.007756571414736151,
      "f1_macro": 0.9050199487532773,
      "f1_macro_std": 0.008244865704672862,
      "precision_weighted": 0.9068618100188897,
      "precision_weighted_std": 0.007712601414806568,
      "recall_weighted": 0.9042643738849374,
      "recall_weighted_std": 0.007701518338634586,
      "cohen_kappa": 0.8562095805429537,
      "cohen_kappa_std": 0.011472224527039047,
      "matthews_corrcoef": 0.8570982071806925,
      "matthews_corrcoef_std": 0.011396859626182521,
      "balanced_accuracy_ci_lower": 0.8920045050985471,
      "balanced_accuracy_ci_upper": 0.9156663147356259
    },
    {
      "model": "gradient_boosting",
      "display_name": "Gradient Boosting",
      "is_baseline": false,
      "balanced_accuracy": 0.8044652643628782,
      "balanced_accuracy_std": 0.007677177075871797,
      "accuracy": 0.8047327779124117,
      "accuracy_std": 0.007643339098679625,
      "f1_weighted": 0.8051566579859485,
      "f1_weighted_std": 0.008051602548043005,
      "f1_macro": 0.8056159797452577,
      "f1_macro_std": 0.007789528285215822,
      "precision_weighted": 0.8087307714433308,
      "precision_weighted_std": 0.009262730578954955,
      "recall_weighted": 0.8047327779124117,
      "recall_weighted_std": 0.007643339098679625,
      "cohen_kappa": 0.7065327304353127,
      "cohen_kappa_std": 0.011813176911349912,
      "matthews_corrcoef": 0.7079839578394279,
      "matthews_corrcoef_std": 0.011527958801306287,
      "balanced_accuracy_ci_lower": 0.7944830625324599,
      "balanced_accuracy_ci_upper": 0.8189946409542648
    },
    {
      "model": "xgboost",
      "display_name": "XGBoost",
      "is_baseline": false,
      "balanced_accuracy": 0.7741797901982378,
      "balanced_accuracy_std": 0.004925262629547719,
      "accuracy": 0.7739146562538787,
      "accuracy_std": 0.005469016374432548,
      "f1_weighted": 0.7730594201338977,
      "f1_weighted_std": 0.00465387633191897,
      "f1_macro": 0.7737364282184022,
      "f1_macro_std": 0.0036866363108901353,
      "precision_weighted": 0.7761609832935535,
      "precision_weighted_std": 0.005984330347510828,
      "recall_weighted": 0.7739146562538787,
      "recall_weighted_std": 0.005469016374432548,
      "cohen_kappa": 0.6603612512065793,
      "cohen_kappa_std": 0.008688117780752009,
      "matthews_corrcoef": 0.6620058406969899,
      "matthews_corrcoef_std": 0.009252179434648431,
      "balanced_accuracy_ci_lower": 0.7634630885970852,
      "balanced_accuracy_ci_upper": 0.7809606196263288
    },
    {
      "model": "svm_rbf",
      "display_name": "SVM (RBF)",
      "is_baseline": false,
      "balanced_accuracy": 0.6740733815884934,
      "balanced_accuracy_std": 0.018826871112644573,
      "accuracy": 0.675191046849218,
      "accuracy_std": 0.01834950486594092,
      "f1_weighted": 0.6763429295174678,
      "f1_weighted_std": 0.020889088348987124,
      "f1_macro": 0.6768383900457272,
      "f1_macro_std": 0.020022715215303556,
      "precision_weighted": 0.696028391104289,
      "precision_weighted_std": 0.02793106643019619,
      "recall_weighted": 0.675191046849218,
      "recall_weighted_std": 0.01834950486594092,
      "cohen_kappa": 0.5110643221633737,
      "cohen_kappa_std": 0.028817995482640992,
      "matthews_corrcoef": 0.5184075650953601,
      "matthews_corrcoef_std": 0.029063752986704883,
      "balanced_accuracy_ci_lower": 0.6459793871619778,
      "balanced_accuracy_ci_upper": 0.6965292358805778
    },
    {
      "model": "random_forest",
      "display_name": "Random Forest",
      "is_baseline": false,
      "balanced_accuracy": 0.6465138334895265,
      "balanced_accuracy_std": 0.02062325541464855,
      "accuracy": 0.6467417415722342,
      "accuracy_std": 0.021375767193816637,
      "f1_weighted": 0.6436168527463402,
      "f1_weighted_std": 0.02623666883112951,
      "f1_macro": 0.6444002969602266,
      "f1_macro_std": 0.025063023434007004,
      "precision_weighted": 0.6550055100729893,
      "precision_weighted_std": 0.022796069646867582,
      "recall_weighted": 0.6467417415722342,
      "recall_weighted_std": 0.021375767193816637,
      "cohen_kappa": 0.46878171590798445,
      "cohen_kappa_std": 0.03274702440457339,
      "matthews_corrcoef": 0.4742623787570096,
      "matthews_corrcoef_std": 0.030308843354690283,
      "balanced_accuracy_ci_lower": 0.6051877827742792,
      "balanced_accuracy_ci_upper": 0.6734415882176013
    },
    {
      "model": "knn",
      "display_name": "K-Nearest Neighbors",
      "is_baseline": false,
      "balanced_accuracy": 0.5243139781949488,
      "balanced_accuracy_std": 0.03194542282314946,
      "accuracy": 0.5249122125315737,
      "accuracy_std": 0.032300892396461875,
      "f1_weighted": 0.5241975638932718,
      "f1_weighted_std": 0.030515609676862503,
      "f1_macro": 0.5245288635362839,
      "f1_macro_std": 0.0309117962806712,
      "precision_weighted": 0.5358048920360674,
      "precision_weighted_std": 0.02629805399686283,
      "recall_weighted": 0.5249122125315737,
      "recall_weighted_std": 0.032300892396461875,
      "cohen_kappa": 0.2855921578168255,
      "cohen_kappa_std": 0.04721255957127143,
      "matthews_corrcoef": 0.28916193139235025,
      "matthews_corrcoef_std": 0.04685578160811026,
      "balanced_accuracy_ci_lower": 0.4663587865126327,