model,balanced_accuracy,accuracy,f1_weighted,f1_macro,precision_weighted,recall_weighted,cohen_kappa,matthews_corrcoef
logistic_regression,0.6472990777338604,0.6461538461538462,0.6411371237458194,0.6420289855072464,0.6379120879120879,0.6461538461538462,0.46872778962331196,0.4693951366865151
svm_linear,0.6574440052700923,0.6615384615384615,0.6608256608256609,0.6585351585351585,0.6638357117995127,0.6615384615384615,0.4898323225115947,0.49142036275258283
random_forest,0.5944664031620553,0.6,0.5933017465626161,0.589573268921095,0.5916923076923077,0.6,0.39685938615274796,0.39857869985544553
