model,balanced_accuracy,accuracy,f1_weighted,f1_macro,precision_weighted,recall_weighted,cohen_kappa,matthews_corrcoef
logistic_regression,0.6003293807641634,0.6,0.6007385958286122,0.6016383144042718,0.601855600539811,0.6,0.3983624065503738,0.39850467782818316
svm_linear,0.6576416337285903,0.6615384615384615,0.6624746481588587,0.6602840434419383,0.6684900284900286,0.6615384615384615,0.4900142653352354,0.49213297046216403
random_forest,0.6422924901185771,0.6461538461538462,0.6439447731755424,0.6405053883314753,0.6422108783664848,0.6461538461538462,0.4679715302491103,0.4681383944303745
