cluster,n_units,NDVI_slope_mean,viirs_mean_slope_mean,S2_NDBI_contrast_slope_mean,NDVI_cv_mean,NDVI_seasonal_amp_mean,NDBI_seasonal_amp_mean,S2_NDBI_contrast_mean_mean,S2_NDBI_entropy_mean_mean,elderly_ratio_mean,household_size_mean,pop_total_mean,NDVI_slope_std,viirs_mean_slope_std,S2_NDBI_contrast_slope_std,NDVI_cv_std,NDVI_seasonal_amp_std,NDBI_seasonal_amp_std,S2_NDBI_contrast_mean_std,S2_NDBI_entropy_mean_std,elderly_ratio_std,household_size_std,pop_total_std
0,19,0.11202426315789475,-0.1895803157894737,-50.006198052631575,1.8444894645475687,0.2332782631578947,0.3190323684210526,209.93951397303604,5.255730490328021,0.36435217646706386,2.3427040168797304,56392.65830555632,0.09764671963019553,0.5926108319876687,39.74003013180815,2.138733433528369,0.07965678244111636,0.06678864943919949,81.75873620108305,0.918051399082281,0.07984725093099895,0.19790760262996224,96540.3661574844
1,40,0.28687782500000003,0.22990545,-37.3332448,0.906998254546808,0.44798220000000005,0.40443545,152.88291273168437,5.246568188091185,0.4147480978577711,2.687358935021659,26730.1101773854,0.11662870568689064,0.1424373806490111,35.365251546004856,0.28630394886525806,0.1073549789597397,0.13567149172777035,44.39292254657673,0.9256107126292114,0.051260612123258775,0.2699972993952098,32767.55101915214
2,6,0.368596,-0.183354,-221.96860383333333,1.0463647240566747,0.5140399999999999,0.3399203333333333,412.01158262135596,4.795099165421486,0.3874409771692158,2.887898518918419,9470.33580494172,0.04994737028513111,0.11413423143124064,33.67025440783086,0.08001847099160395,0.1688391374450841,0.021721456034683014,100.04316696252171,0.27890447572341326,0.04359988754208656,0.15678171399333557,4171.548942561828
