cluster,n_units,NDVI_slope_mean,viirs_mean_slope_mean,S2_NDBI_contrast_slope_mean,NDVI_cv_mean,NDVI_seasonal_amp_mean,NDBI_seasonal_amp_mean,S2_NDBI_contrast_mean_mean,S2_NDBI_entropy_mean_mean,elderly_ratio_mean,household_size_mean,pop_total_mean,NDVI_slope_std,viirs_mean_slope_std,S2_NDBI_contrast_slope_std,NDVI_cv_std,NDVI_seasonal_amp_std,NDBI_seasonal_amp_std,S2_NDBI_contrast_mean_std,S2_NDBI_entropy_mean_std,elderly_ratio_std,household_size_std,pop_total_std
0,42,0.2759614047619048,0.20074180952380952,-38.40537130952381,0.8471194250526307,0.4315114285714286,0.410956880952381,172.2208008782392,5.465132091170015,0.4000740479530937,2.6960020080319183,27385.0341688316,0.12186321623514469,0.2067935544311174,35.14550027187872,0.21852936081421415,0.12144988332122297,0.12721304028459074,65.24153859884704,0.788651453140986,0.05283027581282152,0.25907218979626656,31706.227166268414
1,4,0.18638949999999999,-0.9818217499999999,-14.888998,0.7686600495316682,0.3014345,0.38228625,161.6175599352245,5.348622240068853,0.29887872258786163,2.301250338468311,211357.85874191223,0.09606783479916677,0.8657185126946576,21.174233585491653,0.14909105406238116,0.11603194156351948,0.029839464700013193,63.91890757684778,0.5387744659241481,0.02247321446810701,0.042167738302841325,119932.60815065065
2,13,0.09751053846153845,0.083871,-59.29738215384615,2.513197996764536,0.232489,0.2653614615384615,171.10949216370125,4.5224284654202895,0.4241531048310519,2.27451138695134,11158.618834031542,0.1060179479456312,0.14950433749560577,40.755792199944544,2.3530263282697033,0.08823391653440302,0.035784985717046615,65.78462787157991,1.0547196555898561,0.08448366804541092,0.13922523556574867,14332.593851730606
3,6,0.368596,-0.183354,-221.96860383333333,1.0463647240566747,0.5140399999999999,0.3399203333333333,412.01158262135596,4.795099165421486,0.3874409771692158,2.887898518918419,9470.33580494172,0.04994737028513111,0.11413423143124064,33.67025440783086,0.08001847099160395,0.1688391374450841,0.021721456034683014,100.04316696252171,0.27890447572341326,0.04359988754208656,0.15678171399333557,4171.548942561828
