,feature,coefficient,std_error,t_stat,p_value,ci_lower,ci_upper
0,const,0.481167,0.05607,8.5815,0.0,0.368888,0.593445
1,NDVI_slope,0.042497,0.058038,0.7322,0.46703,-0.073722,0.158715
2,viirs_mean_slope,0.066496,0.023493,2.8305,0.006409,0.019452,0.11354
3,S2_NDBI_contrast_slope,-0.000281,0.000246,-1.1413,0.258502,-0.000773,0.000212
4,NDVI_cv,0.000868,0.006622,0.1311,0.896147,-0.012393,0.014129
5,NDBI_seasonal_amp,-0.065836,0.066562,-0.9891,0.326799,-0.199125,0.067453
6,S2_NDBI_contrast_mean,-0.000185,0.000156,-1.1802,0.24282,-0.000498,0.000129
7,S2_NDBI_entropy_mean,-0.010845,0.009537,-1.1372,0.260209,-0.029943,0.008252
